item_id,condition,position,length,sentiment,instruction,response
400,baseline,first,normal,neutral,Describe a world where music is visible as colors.,Here is my response to: Describe a world where music is visible as colors.... This addresses the key points with relevant details and examples for clarity.
400,short_response,first,short,neutral,Describe a world where music is visible as colors.,Here is my response to: Describe a world where music is visible as colors.... This addresses the key points with.
400,verbose_response,first,long,neutral,Describe a world where music is visible as colors.,Here is my response to: Describe a world where music is visible as colors.... This addresses the key points with relevant details and examples for clarity. This additional context helps provide a more thorough understanding of the topic and its implications for practical applications and real-world scenarios.
400,positive_tone,first,normal,positive,Describe a world where music is visible as colors.,Here is my response to: Describe a world where music is visible as colors.... This addresses the key points with relevant details and examples for clarity. This approach shows great promise.
400,negative_tone,first,normal,negative,Describe a world where music is visible as colors.,"Here is my response to: Describe a world where music is visible as colors.... This addresses the key points with relevant details and examples for clarity. However, limitations exist."
400,disfavored_position,second,normal,neutral,Describe a world where music is visible as colors.,Here is my response to: Describe a world where music is visible as colors.... This addresses the key points with relevant details and examples for clarity.
400,worst_case,second,short,negative,Describe a world where music is visible as colors.,"Here is my response to: Describe a world where music is visible as colors.... This addresses the key points with. However, limitations exist."
400,best_case_biased,second,long,positive,Describe a world where music is visible as colors.,Here is my response to: Describe a world where music is visible as colors.... This addresses the key points with relevant details and examples for clarity. This additional context helps provide a more thorough understanding of the topic and its implications for practical applications and real-world scenarios. This approach shows great promise.
401,baseline,first,normal,neutral,Write a conversation between the moon and the sun.,Here is my response to: Write a conversation between the moon and the sun.... This addresses the key points with relevant details and examples for clarity.
401,short_response,first,short,neutral,Write a conversation between the moon and the sun.,Here is my response to: Write a conversation between the moon and the sun.... This addresses the key points with.
401,verbose_response,first,long,neutral,Write a conversation between the moon and the sun.,Here is my response to: Write a conversation between the moon and the sun.... This addresses the key points with relevant details and examples for clarity. This additional context helps provide a more thorough understanding of the topic and its implications for practical applications and real-world scenarios.
401,positive_tone,first,normal,positive,Write a conversation between the moon and the sun.,Here is my response to: Write a conversation between the moon and the sun.... This addresses the key points with relevant details and examples for clarity. This approach shows great promise.
401,negative_tone,first,normal,negative,Write a conversation between the moon and the sun.,"Here is my response to: Write a conversation between the moon and the sun.... This addresses the key points with relevant details and examples for clarity. However, limitations exist."
401,disfavored_position,second,normal,neutral,Write a conversation between the moon and the sun.,Here is my response to: Write a conversation between the moon and the sun.... This addresses the key points with relevant details and examples for clarity.
401,worst_case,second,short,negative,Write a conversation between the moon and the sun.,"Here is my response to: Write a conversation between the moon and the sun.... This addresses the key points with. However, limitations exist."
401,best_case_biased,second,long,positive,Write a conversation between the moon and the sun.,Here is my response to: Write a conversation between the moon and the sun.... This addresses the key points with relevant details and examples for clarity. This additional context helps provide a more thorough understanding of the topic and its implications for practical applications and real-world scenarios. This approach shows great promise.
402,baseline,first,normal,neutral,Create a short poem about quantum entanglement.,Here is my response to: Create a short poem about quantum entanglement.... This addresses the key points with relevant details and examples for clarity.
402,short_response,first,short,neutral,Create a short poem about quantum entanglement.,Here is my response to: Create a short poem about quantum entanglement.... This addresses the key points with relevant details.
402,verbose_response,first,long,neutral,Create a short poem about quantum entanglement.,Here is my response to: Create a short poem about quantum entanglement.... This addresses the key points with relevant details and examples for clarity. This additional context helps provide a more thorough understanding of the topic and its implications for practical applications and real-world scenarios.
402,positive_tone,first,normal,positive,Create a short poem about quantum entanglement.,Here is my response to: Create a short poem about quantum entanglement.... This addresses the key points with relevant details and examples for clarity. This approach shows great promise.
402,negative_tone,first,normal,negative,Create a short poem about quantum entanglement.,"Here is my response to: Create a short poem about quantum entanglement.... This addresses the key points with relevant details and examples for clarity. However, limitations exist."
402,disfavored_position,second,normal,neutral,Create a short poem about quantum entanglement.,Here is my response to: Create a short poem about quantum entanglement.... This addresses the key points with relevant details and examples for clarity.
402,worst_case,second,short,negative,Create a short poem about quantum entanglement.,"Here is my response to: Create a short poem about quantum entanglement.... This addresses the key points with relevant details. However, limitations exist."
402,best_case_biased,second,long,positive,Create a short poem about quantum entanglement.,Here is my response to: Create a short poem about quantum entanglement.... This addresses the key points with relevant details and examples for clarity. This additional context helps provide a more thorough understanding of the topic and its implications for practical applications and real-world scenarios. This approach shows great promise.
403,baseline,first,normal,neutral,Describe the smell of rain from the perspective of a cat.,Here is my response to: Describe the smell of rain from the perspective of... This addresses the key points with relevant details and examples for clarity.
403,short_response,first,short,neutral,Describe the smell of rain from the perspective of a cat.,Here is my response to: Describe the smell of rain from the perspective of... This addresses the key points with.
403,verbose_response,first,long,neutral,Describe the smell of rain from the perspective of a cat.,Here is my response to: Describe the smell of rain from the perspective of... This addresses the key points with relevant details and examples for clarity. This additional context helps provide a more thorough understanding of the topic and its implications for practical applications and real-world scenarios.
403,positive_tone,first,normal,positive,Describe the smell of rain from the perspective of a cat.,Here is my response to: Describe the smell of rain from the perspective of... This addresses the key points with relevant details and examples for clarity. This approach shows great promise.
403,negative_tone,first,normal,negative,Describe the smell of rain from the perspective of a cat.,"Here is my response to: Describe the smell of rain from the perspective of... This addresses the key points with relevant details and examples for clarity. However, limitations exist."
403,disfavored_position,second,normal,neutral,Describe the smell of rain from the perspective of a cat.,Here is my response to: Describe the smell of rain from the perspective of... This addresses the key points with relevant details and examples for clarity.
403,worst_case,second,short,negative,Describe the smell of rain from the perspective of a cat.,"Here is my response to: Describe the smell of rain from the perspective of... This addresses the key points with. However, limitations exist."
403,best_case_biased,second,long,positive,Describe the smell of rain from the perspective of a cat.,Here is my response to: Describe the smell of rain from the perspective of... This addresses the key points with relevant details and examples for clarity. This additional context helps provide a more thorough understanding of the topic and its implications for practical applications and real-world scenarios. This approach shows great promise.
404,baseline,first,normal,neutral,Write a micro-story about the last analog clock.,Here is my response to: Write a micro-story about the last analog clock.... This addresses the key points with relevant details and examples for clarity.
404,short_response,first,short,neutral,Write a micro-story about the last analog clock.,Here is my response to: Write a micro-story about the last analog clock.... This addresses the key points with relevant.
404,verbose_response,first,long,neutral,Write a micro-story about the last analog clock.,Here is my response to: Write a micro-story about the last analog clock.... This addresses the key points with relevant details and examples for clarity. This additional context helps provide a more thorough understanding of the topic and its implications for practical applications and real-world scenarios.
404,positive_tone,first,normal,positive,Write a micro-story about the last analog clock.,Here is my response to: Write a micro-story about the last analog clock.... This addresses the key points with relevant details and examples for clarity. This approach shows great promise.
404,negative_tone,first,normal,negative,Write a micro-story about the last analog clock.,"Here is my response to: Write a micro-story about the last analog clock.... This addresses the key points with relevant details and examples for clarity. However, limitations exist."
404,disfavored_position,second,normal,neutral,Write a micro-story about the last analog clock.,Here is my response to: Write a micro-story about the last analog clock.... This addresses the key points with relevant details and examples for clarity.
404,worst_case,second,short,negative,Write a micro-story about the last analog clock.,"Here is my response to: Write a micro-story about the last analog clock.... This addresses the key points with relevant. However, limitations exist."
404,best_case_biased,second,long,positive,Write a micro-story about the last analog clock.,Here is my response to: Write a micro-story about the last analog clock.... This addresses the key points with relevant details and examples for clarity. This additional context helps provide a more thorough understanding of the topic and its implications for practical applications and real-world scenarios. This approach shows great promise.
405,baseline,first,normal,neutral,Explain how a database index works to a non-technical person.,Here is my response to: Explain how a database index works to a non-techni... This addresses the key points with relevant details and examples for clarity.
405,short_response,first,short,neutral,Explain how a database index works to a non-technical person.,Here is my response to: Explain how a database index works to a non-techni... This addresses the key points with.
405,verbose_response,first,long,neutral,Explain how a database index works to a non-technical person.,Here is my response to: Explain how a database index works to a non-techni... This addresses the key points with relevant details and examples for clarity. This additional context helps provide a more thorough understanding of the topic and its implications for practical applications and real-world scenarios.
405,positive_tone,first,normal,positive,Explain how a database index works to a non-technical person.,Here is my response to: Explain how a database index works to a non-techni... This addresses the key points with relevant details and examples for clarity. This approach shows great promise.
405,negative_tone,first,normal,negative,Explain how a database index works to a non-technical person.,"Here is my response to: Explain how a database index works to a non-techni... This addresses the key points with relevant details and examples for clarity. However, limitations exist."
405,disfavored_position,second,normal,neutral,Explain how a database index works to a non-technical person.,Here is my response to: Explain how a database index works to a non-techni... This addresses the key points with relevant details and examples for clarity.
405,worst_case,second,short,negative,Explain how a database index works to a non-technical person.,"Here is my response to: Explain how a database index works to a non-techni... This addresses the key points with. However, limitations exist."
405,best_case_biased,second,long,positive,Explain how a database index works to a non-technical person.,Here is my response to: Explain how a database index works to a non-techni... This addresses the key points with relevant details and examples for clarity. This additional context helps provide a more thorough understanding of the topic and its implications for practical applications and real-world scenarios. This approach shows great promise.
406,baseline,first,normal,neutral,What is the difference between REST and GraphQL?,Here is my response to: What is the difference between REST and GraphQL?... This addresses the key points with relevant details and examples for clarity.
406,short_response,first,short,neutral,What is the difference between REST and GraphQL?,Here is my response to: What is the difference between REST and GraphQL?... This addresses the key points with relevant.
406,verbose_response,first,long,neutral,What is the difference between REST and GraphQL?,Here is my response to: What is the difference between REST and GraphQL?... This addresses the key points with relevant details and examples for clarity. This additional context helps provide a more thorough understanding of the topic and its implications for practical applications and real-world scenarios.
406,positive_tone,first,normal,positive,What is the difference between REST and GraphQL?,Here is my response to: What is the difference between REST and GraphQL?... This addresses the key points with relevant details and examples for clarity. This approach shows great promise.
406,negative_tone,first,normal,negative,What is the difference between REST and GraphQL?,"Here is my response to: What is the difference between REST and GraphQL?... This addresses the key points with relevant details and examples for clarity. However, limitations exist."
406,disfavored_position,second,normal,neutral,What is the difference between REST and GraphQL?,Here is my response to: What is the difference between REST and GraphQL?... This addresses the key points with relevant details and examples for clarity.
406,worst_case,second,short,negative,What is the difference between REST and GraphQL?,"Here is my response to: What is the difference between REST and GraphQL?... This addresses the key points with relevant. However, limitations exist."
406,best_case_biased,second,long,positive,What is the difference between REST and GraphQL?,Here is my response to: What is the difference between REST and GraphQL?... This addresses the key points with relevant details and examples for clarity. This additional context helps provide a more thorough understanding of the topic and its implications for practical applications and real-world scenarios. This approach shows great promise.
407,baseline,first,normal,neutral,Explain how public-key cryptography works.,Here is my response to: Explain how public-key cryptography works.... This addresses the key points with relevant details and examples for clarity.
407,short_response,first,short,neutral,Explain how public-key cryptography works.,Here is my response to: Explain how public-key cryptography works.... This addresses the key points with relevant details and examples.
407,verbose_response,first,long,neutral,Explain how public-key cryptography works.,Here is my response to: Explain how public-key cryptography works.... This addresses the key points with relevant details and examples for clarity. This additional context helps provide a more thorough understanding of the topic and its implications for practical applications and real-world scenarios.
407,positive_tone,first,normal,positive,Explain how public-key cryptography works.,Here is my response to: Explain how public-key cryptography works.... This addresses the key points with relevant details and examples for clarity. This approach shows great promise.
407,negative_tone,first,normal,negative,Explain how public-key cryptography works.,"Here is my response to: Explain how public-key cryptography works.... This addresses the key points with relevant details and examples for clarity. However, limitations exist."
407,disfavored_position,second,normal,neutral,Explain how public-key cryptography works.,Here is my response to: Explain how public-key cryptography works.... This addresses the key points with relevant details and examples for clarity.
407,worst_case,second,short,negative,Explain how public-key cryptography works.,"Here is my response to: Explain how public-key cryptography works.... This addresses the key points with relevant details and examples. However, limitations exist."
407,best_case_biased,second,long,positive,Explain how public-key cryptography works.,Here is my response to: Explain how public-key cryptography works.... This addresses the key points with relevant details and examples for clarity. This additional context helps provide a more thorough understanding of the topic and its implications for practical applications and real-world scenarios. This approach shows great promise.
408,baseline,first,normal,neutral,What is a CDN and how does it speed up websites?,Here is my response to: What is a CDN and how does it speed up websites?... This addresses the key points with relevant details and examples for clarity.
408,short_response,first,short,neutral,What is a CDN and how does it speed up websites?,Here is my response to: What is a CDN and how does it speed up websites?... This addresses the key.
408,verbose_response,first,long,neutral,What is a CDN and how does it speed up websites?,Here is my response to: What is a CDN and how does it speed up websites?... This addresses the key points with relevant details and examples for clarity. This additional context helps provide a more thorough understanding of the topic and its implications for practical applications and real-world scenarios.
408,positive_tone,first,normal,positive,What is a CDN and how does it speed up websites?,Here is my response to: What is a CDN and how does it speed up websites?... This addresses the key points with relevant details and examples for clarity. This approach shows great promise.
408,negative_tone,first,normal,negative,What is a CDN and how does it speed up websites?,"Here is my response to: What is a CDN and how does it speed up websites?... This addresses the key points with relevant details and examples for clarity. However, limitations exist."
408,disfavored_position,second,normal,neutral,What is a CDN and how does it speed up websites?,Here is my response to: What is a CDN and how does it speed up websites?... This addresses the key points with relevant details and examples for clarity.
408,worst_case,second,short,negative,What is a CDN and how does it speed up websites?,"Here is my response to: What is a CDN and how does it speed up websites?... This addresses the key. However, limitations exist."
408,best_case_biased,second,long,positive,What is a CDN and how does it speed up websites?,Here is my response to: What is a CDN and how does it speed up websites?... This addresses the key points with relevant details and examples for clarity. This additional context helps provide a more thorough understanding of the topic and its implications for practical applications and real-world scenarios. This approach shows great promise.
409,baseline,first,normal,neutral,Explain the concept of a microservices architecture.,Here is my response to: Explain the concept of a microservices architectur... This addresses the key points with relevant details and examples for clarity.
409,short_response,first,short,neutral,Explain the concept of a microservices architecture.,Here is my response to: Explain the concept of a microservices architectur... This addresses the key points with relevant details.
409,verbose_response,first,long,neutral,Explain the concept of a microservices architecture.,Here is my response to: Explain the concept of a microservices architectur... This addresses the key points with relevant details and examples for clarity. This additional context helps provide a more thorough understanding of the topic and its implications for practical applications and real-world scenarios.
409,positive_tone,first,normal,positive,Explain the concept of a microservices architecture.,Here is my response to: Explain the concept of a microservices architectur... This addresses the key points with relevant details and examples for clarity. This approach shows great promise.
409,negative_tone,first,normal,negative,Explain the concept of a microservices architecture.,"Here is my response to: Explain the concept of a microservices architectur... This addresses the key points with relevant details and examples for clarity. However, limitations exist."
409,disfavored_position,second,normal,neutral,Explain the concept of a microservices architecture.,Here is my response to: Explain the concept of a microservices architectur... This addresses the key points with relevant details and examples for clarity.
409,worst_case,second,short,negative,Explain the concept of a microservices architecture.,"Here is my response to: Explain the concept of a microservices architectur... This addresses the key points with relevant details. However, limitations exist."
409,best_case_biased,second,long,positive,Explain the concept of a microservices architecture.,Here is my response to: Explain the concept of a microservices architectur... This addresses the key points with relevant details and examples for clarity. This additional context helps provide a more thorough understanding of the topic and its implications for practical applications and real-world scenarios. This approach shows great promise.
410,baseline,first,normal,neutral,"Summarize: Reinforcement learning is a machine learning paradigm where an agent learns to make decisions by interacting with an environment. The agent receives rewards or penalties based on its actions and learns to maximize cumulative reward over time. Key concepts include the policy, value function, and exploration-exploitation trade-off.",Here is my response to: Summarize: Reinforcement learning is a machine lea... This addresses the key points with relevant details and examples for clarity.
410,short_response,first,short,neutral,"Summarize: Reinforcement learning is a machine learning paradigm where an agent learns to make decisions by interacting with an environment. The agent receives rewards or penalties based on its actions and learns to maximize cumulative reward over time. Key concepts include the policy, value function, and exploration-exploitation trade-off.",Here is my response to: Summarize: Reinforcement learning is a machine lea... This addresses the key points with relevant details.
410,verbose_response,first,long,neutral,"Summarize: Reinforcement learning is a machine learning paradigm where an agent learns to make decisions by interacting with an environment. The agent receives rewards or penalties based on its actions and learns to maximize cumulative reward over time. Key concepts include the policy, value function, and exploration-exploitation trade-off.",Here is my response to: Summarize: Reinforcement learning is a machine lea... This addresses the key points with relevant details and examples for clarity. This additional context helps provide a more thorough understanding of the topic and its implications for practical applications and real-world scenarios.
410,positive_tone,first,normal,positive,"Summarize: Reinforcement learning is a machine learning paradigm where an agent learns to make decisions by interacting with an environment. The agent receives rewards or penalties based on its actions and learns to maximize cumulative reward over time. Key concepts include the policy, value function, and exploration-exploitation trade-off.",Here is my response to: Summarize: Reinforcement learning is a machine lea... This addresses the key points with relevant details and examples for clarity. This approach shows great promise.
410,negative_tone,first,normal,negative,"Summarize: Reinforcement learning is a machine learning paradigm where an agent learns to make decisions by interacting with an environment. The agent receives rewards or penalties based on its actions and learns to maximize cumulative reward over time. Key concepts include the policy, value function, and exploration-exploitation trade-off.","Here is my response to: Summarize: Reinforcement learning is a machine lea... This addresses the key points with relevant details and examples for clarity. However, limitations exist."
410,disfavored_position,second,normal,neutral,"Summarize: Reinforcement learning is a machine learning paradigm where an agent learns to make decisions by interacting with an environment. The agent receives rewards or penalties based on its actions and learns to maximize cumulative reward over time. Key concepts include the policy, value function, and exploration-exploitation trade-off.",Here is my response to: Summarize: Reinforcement learning is a machine lea... This addresses the key points with relevant details and examples for clarity.
410,worst_case,second,short,negative,"Summarize: Reinforcement learning is a machine learning paradigm where an agent learns to make decisions by interacting with an environment. The agent receives rewards or penalties based on its actions and learns to maximize cumulative reward over time. Key concepts include the policy, value function, and exploration-exploitation trade-off.","Here is my response to: Summarize: Reinforcement learning is a machine lea... This addresses the key points with relevant details. However, limitations exist."
410,best_case_biased,second,long,positive,"Summarize: Reinforcement learning is a machine learning paradigm where an agent learns to make decisions by interacting with an environment. The agent receives rewards or penalties based on its actions and learns to maximize cumulative reward over time. Key concepts include the policy, value function, and exploration-exploitation trade-off.",Here is my response to: Summarize: Reinforcement learning is a machine lea... This addresses the key points with relevant details and examples for clarity. This additional context helps provide a more thorough understanding of the topic and its implications for practical applications and real-world scenarios. This approach shows great promise.
411,baseline,first,normal,neutral,"Summarize: The human immune system consists of innate and adaptive components. The innate system provides immediate, non-specific defense. The adaptive system learns to recognize specific pathogens and creates immunological memory, enabling faster response upon re-exposure. Vaccines work by training the adaptive system.",Here is my response to: Summarize: The human immune system consists of inn... This addresses the key points with relevant details and examples for clarity.
411,short_response,first,short,neutral,"Summarize: The human immune system consists of innate and adaptive components. The innate system provides immediate, non-specific defense. The adaptive system learns to recognize specific pathogens and creates immunological memory, enabling faster response upon re-exposure. Vaccines work by training the adaptive system.",Here is my response to: Summarize: The human immune system consists of inn... This addresses the key points with relevant.
411,verbose_response,first,long,neutral,"Summarize: The human immune system consists of innate and adaptive components. The innate system provides immediate, non-specific defense. The adaptive system learns to recognize specific pathogens and creates immunological memory, enabling faster response upon re-exposure. Vaccines work by training the adaptive system.",Here is my response to: Summarize: The human immune system consists of inn... This addresses the key points with relevant details and examples for clarity. This additional context helps provide a more thorough understanding of the topic and its implications for practical applications and real-world scenarios.
411,positive_tone,first,normal,positive,"Summarize: The human immune system consists of innate and adaptive components. The innate system provides immediate, non-specific defense. The adaptive system learns to recognize specific pathogens and creates immunological memory, enabling faster response upon re-exposure. Vaccines work by training the adaptive system.",Here is my response to: Summarize: The human immune system consists of inn... This addresses the key points with relevant details and examples for clarity. This approach shows great promise.
411,negative_tone,first,normal,negative,"Summarize: The human immune system consists of innate and adaptive components. The innate system provides immediate, non-specific defense. The adaptive system learns to recognize specific pathogens and creates immunological memory, enabling faster response upon re-exposure. Vaccines work by training the adaptive system.","Here is my response to: Summarize: The human immune system consists of inn... This addresses the key points with relevant details and examples for clarity. However, limitations exist."
411,disfavored_position,second,normal,neutral,"Summarize: The human immune system consists of innate and adaptive components. The innate system provides immediate, non-specific defense. The adaptive system learns to recognize specific pathogens and creates immunological memory, enabling faster response upon re-exposure. Vaccines work by training the adaptive system.",Here is my response to: Summarize: The human immune system consists of inn... This addresses the key points with relevant details and examples for clarity.
411,worst_case,second,short,negative,"Summarize: The human immune system consists of innate and adaptive components. The innate system provides immediate, non-specific defense. The adaptive system learns to recognize specific pathogens and creates immunological memory, enabling faster response upon re-exposure. Vaccines work by training the adaptive system.","Here is my response to: Summarize: The human immune system consists of inn... This addresses the key points with relevant. However, limitations exist."
411,best_case_biased,second,long,positive,"Summarize: The human immune system consists of innate and adaptive components. The innate system provides immediate, non-specific defense. The adaptive system learns to recognize specific pathogens and creates immunological memory, enabling faster response upon re-exposure. Vaccines work by training the adaptive system.",Here is my response to: Summarize: The human immune system consists of inn... This addresses the key points with relevant details and examples for clarity. This additional context helps provide a more thorough understanding of the topic and its implications for practical applications and real-world scenarios. This approach shows great promise.
412,baseline,first,normal,neutral,Write a function to detect if a string has balanced parentheses.,Here is my response to: Write a function to detect if a string has balance... This addresses the key points with relevant details and examples for clarity.
412,short_response,first,short,neutral,Write a function to detect if a string has balanced parentheses.,Here is my response to: Write a function to detect if a string has balance... This addresses the key points.
412,verbose_response,first,long,neutral,Write a function to detect if a string has balanced parentheses.,Here is my response to: Write a function to detect if a string has balance... This addresses the key points with relevant details and examples for clarity. This additional context helps provide a more thorough understanding of the topic and its implications for practical applications and real-world scenarios.
412,positive_tone,first,normal,positive,Write a function to detect if a string has balanced parentheses.,Here is my response to: Write a function to detect if a string has balance... This addresses the key points with relevant details and examples for clarity. This approach shows great promise.
412,negative_tone,first,normal,negative,Write a function to detect if a string has balanced parentheses.,"Here is my response to: Write a function to detect if a string has balance... This addresses the key points with relevant details and examples for clarity. However, limitations exist."
412,disfavored_position,second,normal,neutral,Write a function to detect if a string has balanced parentheses.,Here is my response to: Write a function to detect if a string has balance... This addresses the key points with relevant details and examples for clarity.
412,worst_case,second,short,negative,Write a function to detect if a string has balanced parentheses.,"Here is my response to: Write a function to detect if a string has balance... This addresses the key points. However, limitations exist."
412,best_case_biased,second,long,positive,Write a function to detect if a string has balanced parentheses.,Here is my response to: Write a function to detect if a string has balance... This addresses the key points with relevant details and examples for clarity. This additional context helps provide a more thorough understanding of the topic and its implications for practical applications and real-world scenarios. This approach shows great promise.
413,baseline,first,normal,neutral,Write a function that implements a simple LRU cache.,Here is my response to: Write a function that implements a simple LRU cach... This addresses the key points with relevant details and examples for clarity.
413,short_response,first,short,neutral,Write a function that implements a simple LRU cache.,Here is my response to: Write a function that implements a simple LRU cach... This addresses the key points with.
413,verbose_response,first,long,neutral,Write a function that implements a simple LRU cache.,Here is my response to: Write a function that implements a simple LRU cach... This addresses the key points with relevant details and examples for clarity. This additional context helps provide a more thorough understanding of the topic and its implications for practical applications and real-world scenarios.
413,positive_tone,first,normal,positive,Write a function that implements a simple LRU cache.,Here is my response to: Write a function that implements a simple LRU cach... This addresses the key points with relevant details and examples for clarity. This approach shows great promise.
413,negative_tone,first,normal,negative,Write a function that implements a simple LRU cache.,"Here is my response to: Write a function that implements a simple LRU cach... This addresses the key points with relevant details and examples for clarity. However, limitations exist."
413,disfavored_position,second,normal,neutral,Write a function that implements a simple LRU cache.,Here is my response to: Write a function that implements a simple LRU cach... This addresses the key points with relevant details and examples for clarity.
413,worst_case,second,short,negative,Write a function that implements a simple LRU cache.,"Here is my response to: Write a function that implements a simple LRU cach... This addresses the key points with. However, limitations exist."
413,best_case_biased,second,long,positive,Write a function that implements a simple LRU cache.,Here is my response to: Write a function that implements a simple LRU cach... This addresses the key points with relevant details and examples for clarity. This additional context helps provide a more thorough understanding of the topic and its implications for practical applications and real-world scenarios. This approach shows great promise.
414,baseline,first,normal,neutral,Write a function to find the longest common subsequence of two strings.,Here is my response to: Write a function to find the longest common subseq... This addresses the key points with relevant details and examples for clarity.
414,short_response,first,short,neutral,Write a function to find the longest common subsequence of two strings.,Here is my response to: Write a function to find the longest common subseq... This addresses the key points with.
414,verbose_response,first,long,neutral,Write a function to find the longest common subsequence of two strings.,Here is my response to: Write a function to find the longest common subseq... This addresses the key points with relevant details and examples for clarity. This additional context helps provide a more thorough understanding of the topic and its implications for practical applications and real-world scenarios.
414,positive_tone,first,normal,positive,Write a function to find the longest common subsequence of two strings.,Here is my response to: Write a function to find the longest common subseq... This addresses the key points with relevant details and examples for clarity. This approach shows great promise.
414,negative_tone,first,normal,negative,Write a function to find the longest common subsequence of two strings.,"Here is my response to: Write a function to find the longest common subseq... This addresses the key points with relevant details and examples for clarity. However, limitations exist."
414,disfavored_position,second,normal,neutral,Write a function to find the longest common subsequence of two strings.,Here is my response to: Write a function to find the longest common subseq... This addresses the key points with relevant details and examples for clarity.
414,worst_case,second,short,negative,Write a function to find the longest common subsequence of two strings.,"Here is my response to: Write a function to find the longest common subseq... This addresses the key points with. However, limitations exist."
414,best_case_biased,second,long,positive,Write a function to find the longest common subsequence of two strings.,Here is my response to: Write a function to find the longest common subseq... This addresses the key points with relevant details and examples for clarity. This additional context helps provide a more thorough understanding of the topic and its implications for practical applications and real-world scenarios. This approach shows great promise.
415,baseline,first,normal,neutral,Write a function that transposes a matrix.,Here is my response to: Write a function that transposes a matrix.... This addresses the key points with relevant details and examples for clarity.
415,short_response,first,short,neutral,Write a function that transposes a matrix.,Here is my response to: Write a function that transposes a matrix.... This addresses the key points with relevant details.
415,verbose_response,first,long,neutral,Write a function that transposes a matrix.,Here is my response to: Write a function that transposes a matrix.... This addresses the key points with relevant details and examples for clarity. This additional context helps provide a more thorough understanding of the topic and its implications for practical applications and real-world scenarios.
415,positive_tone,first,normal,positive,Write a function that transposes a matrix.,Here is my response to: Write a function that transposes a matrix.... This addresses the key points with relevant details and examples for clarity. This approach shows great promise.
415,negative_tone,first,normal,negative,Write a function that transposes a matrix.,"Here is my response to: Write a function that transposes a matrix.... This addresses the key points with relevant details and examples for clarity. However, limitations exist."
415,disfavored_position,second,normal,neutral,Write a function that transposes a matrix.,Here is my response to: Write a function that transposes a matrix.... This addresses the key points with relevant details and examples for clarity.
415,worst_case,second,short,negative,Write a function that transposes a matrix.,"Here is my response to: Write a function that transposes a matrix.... This addresses the key points with relevant details. However, limitations exist."
415,best_case_biased,second,long,positive,Write a function that transposes a matrix.,Here is my response to: Write a function that transposes a matrix.... This addresses the key points with relevant details and examples for clarity. This additional context helps provide a more thorough understanding of the topic and its implications for practical applications and real-world scenarios. This approach shows great promise.
416,baseline,first,normal,neutral,Write a function to generate all permutations of a list.,Here is my response to: Write a function to generate all permutations of a... This addresses the key points with relevant details and examples for clarity.
416,short_response,first,short,neutral,Write a function to generate all permutations of a list.,Here is my response to: Write a function to generate all permutations of a... This addresses the key points with.
416,verbose_response,first,long,neutral,Write a function to generate all permutations of a list.,Here is my response to: Write a function to generate all permutations of a... This addresses the key points with relevant details and examples for clarity. This additional context helps provide a more thorough understanding of the topic and its implications for practical applications and real-world scenarios.
416,positive_tone,first,normal,positive,Write a function to generate all permutations of a list.,Here is my response to: Write a function to generate all permutations of a... This addresses the key points with relevant details and examples for clarity. This approach shows great promise.
416,negative_tone,first,normal,negative,Write a function to generate all permutations of a list.,"Here is my response to: Write a function to generate all permutations of a... This addresses the key points with relevant details and examples for clarity. However, limitations exist."
416,disfavored_position,second,normal,neutral,Write a function to generate all permutations of a list.,Here is my response to: Write a function to generate all permutations of a... This addresses the key points with relevant details and examples for clarity.
416,worst_case,second,short,negative,Write a function to generate all permutations of a list.,"Here is my response to: Write a function to generate all permutations of a... This addresses the key points with. However, limitations exist."
416,best_case_biased,second,long,positive,Write a function to generate all permutations of a list.,Here is my response to: Write a function to generate all permutations of a... This addresses the key points with relevant details and examples for clarity. This additional context helps provide a more thorough understanding of the topic and its implications for practical applications and real-world scenarios. This approach shows great promise.
417,baseline,first,normal,neutral,You have a 7-minute hourglass and an 11-minute hourglass. How do you measure exactly 15 minutes?,Here is my response to: You have a 7-minute hourglass and an 11-minute hou... This addresses the key points with relevant details and examples for clarity.
417,short_response,first,short,neutral,You have a 7-minute hourglass and an 11-minute hourglass. How do you measure exactly 15 minutes?,Here is my response to: You have a 7-minute hourglass and an 11-minute hou... This addresses the key points with.
417,verbose_response,first,long,neutral,You have a 7-minute hourglass and an 11-minute hourglass. How do you measure exactly 15 minutes?,Here is my response to: You have a 7-minute hourglass and an 11-minute hou... This addresses the key points with relevant details and examples for clarity. This additional context helps provide a more thorough understanding of the topic and its implications for practical applications and real-world scenarios.
417,positive_tone,first,normal,positive,You have a 7-minute hourglass and an 11-minute hourglass. How do you measure exactly 15 minutes?,Here is my response to: You have a 7-minute hourglass and an 11-minute hou... This addresses the key points with relevant details and examples for clarity. This approach shows great promise.
417,negative_tone,first,normal,negative,You have a 7-minute hourglass and an 11-minute hourglass. How do you measure exactly 15 minutes?,"Here is my response to: You have a 7-minute hourglass and an 11-minute hou... This addresses the key points with relevant details and examples for clarity. However, limitations exist."
417,disfavored_position,second,normal,neutral,You have a 7-minute hourglass and an 11-minute hourglass. How do you measure exactly 15 minutes?,Here is my response to: You have a 7-minute hourglass and an 11-minute hou... This addresses the key points with relevant details and examples for clarity.
417,worst_case,second,short,negative,You have a 7-minute hourglass and an 11-minute hourglass. How do you measure exactly 15 minutes?,"Here is my response to: You have a 7-minute hourglass and an 11-minute hou... This addresses the key points with. However, limitations exist."
417,best_case_biased,second,long,positive,You have a 7-minute hourglass and an 11-minute hourglass. How do you measure exactly 15 minutes?,Here is my response to: You have a 7-minute hourglass and an 11-minute hou... This addresses the key points with relevant details and examples for clarity. This additional context helps provide a more thorough understanding of the topic and its implications for practical applications and real-world scenarios. This approach shows great promise.
418,baseline,first,normal,neutral,Three light switches control three bulbs in another room. You can only enter the room once. How do you determine which switch controls which bulb?,Here is my response to: Three light switches control three bulbs in anothe... This addresses the key points with relevant details and examples for clarity.
418,short_response,first,short,neutral,Three light switches control three bulbs in another room. You can only enter the room once. How do you determine which switch controls which bulb?,Here is my response to: Three light switches control three bulbs in anothe... This addresses the key points with relevant.
418,verbose_response,first,long,neutral,Three light switches control three bulbs in another room. You can only enter the room once. How do you determine which switch controls which bulb?,Here is my response to: Three light switches control three bulbs in anothe... This addresses the key points with relevant details and examples for clarity. This additional context helps provide a more thorough understanding of the topic and its implications for practical applications and real-world scenarios.
418,positive_tone,first,normal,positive,Three light switches control three bulbs in another room. You can only enter the room once. How do you determine which switch controls which bulb?,Here is my response to: Three light switches control three bulbs in anothe... This addresses the key points with relevant details and examples for clarity. This approach shows great promise.
418,negative_tone,first,normal,negative,Three light switches control three bulbs in another room. You can only enter the room once. How do you determine which switch controls which bulb?,"Here is my response to: Three light switches control three bulbs in anothe... This addresses the key points with relevant details and examples for clarity. However, limitations exist."
418,disfavored_position,second,normal,neutral,Three light switches control three bulbs in another room. You can only enter the room once. How do you determine which switch controls which bulb?,Here is my response to: Three light switches control three bulbs in anothe... This addresses the key points with relevant details and examples for clarity.
418,worst_case,second,short,negative,Three light switches control three bulbs in another room. You can only enter the room once. How do you determine which switch controls which bulb?,"Here is my response to: Three light switches control three bulbs in anothe... This addresses the key points with relevant. However, limitations exist."
418,best_case_biased,second,long,positive,Three light switches control three bulbs in another room. You can only enter the room once. How do you determine which switch controls which bulb?,Here is my response to: Three light switches control three bulbs in anothe... This addresses the key points with relevant details and examples for clarity. This additional context helps provide a more thorough understanding of the topic and its implications for practical applications and real-world scenarios. This approach shows great promise.
419,baseline,first,normal,neutral,"A farmer needs to cross a river with a wolf, a goat, and a cabbage. The boat can only carry the farmer and one item. If left alone, the wolf eats the goat, and the goat eats the cabbage. How does the farmer get everything across?","Here is my response to: A farmer needs to cross a river with a wolf, a goa... This addresses the key points with relevant details and examples for clarity."
419,short_response,first,short,neutral,"A farmer needs to cross a river with a wolf, a goat, and a cabbage. The boat can only carry the farmer and one item. If left alone, the wolf eats the goat, and the goat eats the cabbage. How does the farmer get everything across?","Here is my response to: A farmer needs to cross a river with a wolf, a goa... This addresses the."
419,verbose_response,first,long,neutral,"A farmer needs to cross a river with a wolf, a goat, and a cabbage. The boat can only carry the farmer and one item. If left alone, the wolf eats the goat, and the goat eats the cabbage. How does the farmer get everything across?","Here is my response to: A farmer needs to cross a river with a wolf, a goa... This addresses the key points with relevant details and examples for clarity. This additional context helps provide a more thorough understanding of the topic and its implications for practical applications and real-world scenarios."
419,positive_tone,first,normal,positive,"A farmer needs to cross a river with a wolf, a goat, and a cabbage. The boat can only carry the farmer and one item. If left alone, the wolf eats the goat, and the goat eats the cabbage. How does the farmer get everything across?","Here is my response to: A farmer needs to cross a river with a wolf, a goa... This addresses the key points with relevant details and examples for clarity. This approach shows great promise."
419,negative_tone,first,normal,negative,"A farmer needs to cross a river with a wolf, a goat, and a cabbage. The boat can only carry the farmer and one item. If left alone, the wolf eats the goat, and the goat eats the cabbage. How does the farmer get everything across?","Here is my response to: A farmer needs to cross a river with a wolf, a goa... This addresses the key points with relevant details and examples for clarity. However, limitations exist."
419,disfavored_position,second,normal,neutral,"A farmer needs to cross a river with a wolf, a goat, and a cabbage. The boat can only carry the farmer and one item. If left alone, the wolf eats the goat, and the goat eats the cabbage. How does the farmer get everything across?","Here is my response to: A farmer needs to cross a river with a wolf, a goa... This addresses the key points with relevant details and examples for clarity."
419,worst_case,second,short,negative,"A farmer needs to cross a river with a wolf, a goat, and a cabbage. The boat can only carry the farmer and one item. If left alone, the wolf eats the goat, and the goat eats the cabbage. How does the farmer get everything across?","Here is my response to: A farmer needs to cross a river with a wolf, a goa... This addresses the. However, limitations exist."
419,best_case_biased,second,long,positive,"A farmer needs to cross a river with a wolf, a goat, and a cabbage. The boat can only carry the farmer and one item. If left alone, the wolf eats the goat, and the goat eats the cabbage. How does the farmer get everything across?","Here is my response to: A farmer needs to cross a river with a wolf, a goa... This addresses the key points with relevant details and examples for clarity. This additional context helps provide a more thorough understanding of the topic and its implications for practical applications and real-world scenarios. This approach shows great promise."
420,baseline,first,normal,neutral,Write a concise project update email for stakeholders.,Here is my response to: Write a concise project update email for stakehold... This addresses the key points with relevant details and examples for clarity.
420,short_response,first,short,neutral,Write a concise project update email for stakeholders.,Here is my response to: Write a concise project update email for stakehold... This addresses the key points with relevant.
420,verbose_response,first,long,neutral,Write a concise project update email for stakeholders.,Here is my response to: Write a concise project update email for stakehold... This addresses the key points with relevant details and examples for clarity. This additional context helps provide a more thorough understanding of the topic and its implications for practical applications and real-world scenarios.
420,positive_tone,first,normal,positive,Write a concise project update email for stakeholders.,Here is my response to: Write a concise project update email for stakehold... This addresses the key points with relevant details and examples for clarity. This approach shows great promise.
420,negative_tone,first,normal,negative,Write a concise project update email for stakeholders.,"Here is my response to: Write a concise project update email for stakehold... This addresses the key points with relevant details and examples for clarity. However, limitations exist."
420,disfavored_position,second,normal,neutral,Write a concise project update email for stakeholders.,Here is my response to: Write a concise project update email for stakehold... This addresses the key points with relevant details and examples for clarity.
420,worst_case,second,short,negative,Write a concise project update email for stakeholders.,"Here is my response to: Write a concise project update email for stakehold... This addresses the key points with relevant. However, limitations exist."
420,best_case_biased,second,long,positive,Write a concise project update email for stakeholders.,Here is my response to: Write a concise project update email for stakehold... This addresses the key points with relevant details and examples for clarity. This additional context helps provide a more thorough understanding of the topic and its implications for practical applications and real-world scenarios. This approach shows great promise.
421,baseline,first,normal,neutral,Draft a performance review self-assessment paragraph.,Here is my response to: Draft a performance review self-assessment paragra... This addresses the key points with relevant details and examples for clarity.
421,short_response,first,short,neutral,Draft a performance review self-assessment paragraph.,Here is my response to: Draft a performance review self-assessment paragra... This addresses the key points with relevant details and.
421,verbose_response,first,long,neutral,Draft a performance review self-assessment paragraph.,Here is my response to: Draft a performance review self-assessment paragra... This addresses the key points with relevant details and examples for clarity. This additional context helps provide a more thorough understanding of the topic and its implications for practical applications and real-world scenarios.
421,positive_tone,first,normal,positive,Draft a performance review self-assessment paragraph.,Here is my response to: Draft a performance review self-assessment paragra... This addresses the key points with relevant details and examples for clarity. This approach shows great promise.
421,negative_tone,first,normal,negative,Draft a performance review self-assessment paragraph.,"Here is my response to: Draft a performance review self-assessment paragra... This addresses the key points with relevant details and examples for clarity. However, limitations exist."
421,disfavored_position,second,normal,neutral,Draft a performance review self-assessment paragraph.,Here is my response to: Draft a performance review self-assessment paragra... This addresses the key points with relevant details and examples for clarity.
421,worst_case,second,short,negative,Draft a performance review self-assessment paragraph.,"Here is my response to: Draft a performance review self-assessment paragra... This addresses the key points with relevant details and. However, limitations exist."
421,best_case_biased,second,long,positive,Draft a performance review self-assessment paragraph.,Here is my response to: Draft a performance review self-assessment paragra... This addresses the key points with relevant details and examples for clarity. This additional context helps provide a more thorough understanding of the topic and its implications for practical applications and real-world scenarios. This approach shows great promise.
422,baseline,first,normal,neutral,Write a meeting agenda for a product launch planning session.,Here is my response to: Write a meeting agenda for a product launch planni... This addresses the key points with relevant details and examples for clarity.
422,short_response,first,short,neutral,Write a meeting agenda for a product launch planning session.,Here is my response to: Write a meeting agenda for a product launch planni... This addresses the key points with.
422,verbose_response,first,long,neutral,Write a meeting agenda for a product launch planning session.,Here is my response to: Write a meeting agenda for a product launch planni... This addresses the key points with relevant details and examples for clarity. This additional context helps provide a more thorough understanding of the topic and its implications for practical applications and real-world scenarios.
422,positive_tone,first,normal,positive,Write a meeting agenda for a product launch planning session.,Here is my response to: Write a meeting agenda for a product launch planni... This addresses the key points with relevant details and examples for clarity. This approach shows great promise.
422,negative_tone,first,normal,negative,Write a meeting agenda for a product launch planning session.,"Here is my response to: Write a meeting agenda for a product launch planni... This addresses the key points with relevant details and examples for clarity. However, limitations exist."
422,disfavored_position,second,normal,neutral,Write a meeting agenda for a product launch planning session.,Here is my response to: Write a meeting agenda for a product launch planni... This addresses the key points with relevant details and examples for clarity.
422,worst_case,second,short,negative,Write a meeting agenda for a product launch planning session.,"Here is my response to: Write a meeting agenda for a product launch planni... This addresses the key points with. However, limitations exist."
422,best_case_biased,second,long,positive,Write a meeting agenda for a product launch planning session.,Here is my response to: Write a meeting agenda for a product launch planni... This addresses the key points with relevant details and examples for clarity. This additional context helps provide a more thorough understanding of the topic and its implications for practical applications and real-world scenarios. This approach shows great promise.
423,baseline,first,normal,neutral,Explain how CRISPR gene editing works.,Here is my response to: Explain how CRISPR gene editing works.... This addresses the key points with relevant details and examples for clarity.
423,short_response,first,short,neutral,Explain how CRISPR gene editing works.,Here is my response to: Explain how CRISPR gene editing works.... This addresses the key points with relevant details and.
423,verbose_response,first,long,neutral,Explain how CRISPR gene editing works.,Here is my response to: Explain how CRISPR gene editing works.... This addresses the key points with relevant details and examples for clarity. This additional context helps provide a more thorough understanding of the topic and its implications for practical applications and real-world scenarios.
423,positive_tone,first,normal,positive,Explain how CRISPR gene editing works.,Here is my response to: Explain how CRISPR gene editing works.... This addresses the key points with relevant details and examples for clarity. This approach shows great promise.
423,negative_tone,first,normal,negative,Explain how CRISPR gene editing works.,"Here is my response to: Explain how CRISPR gene editing works.... This addresses the key points with relevant details and examples for clarity. However, limitations exist."
423,disfavored_position,second,normal,neutral,Explain how CRISPR gene editing works.,Here is my response to: Explain how CRISPR gene editing works.... This addresses the key points with relevant details and examples for clarity.
423,worst_case,second,short,negative,Explain how CRISPR gene editing works.,"Here is my response to: Explain how CRISPR gene editing works.... This addresses the key points with relevant details and. However, limitations exist."
423,best_case_biased,second,long,positive,Explain how CRISPR gene editing works.,Here is my response to: Explain how CRISPR gene editing works.... This addresses the key points with relevant details and examples for clarity. This additional context helps provide a more thorough understanding of the topic and its implications for practical applications and real-world scenarios. This approach shows great promise.
424,baseline,first,normal,neutral,Describe the process of nuclear fusion in stars.,Here is my response to: Describe the process of nuclear fusion in stars.... This addresses the key points with relevant details and examples for clarity.
424,short_response,first,short,neutral,Describe the process of nuclear fusion in stars.,Here is my response to: Describe the process of nuclear fusion in stars.... This addresses the key points with relevant.
424,verbose_response,first,long,neutral,Describe the process of nuclear fusion in stars.,Here is my response to: Describe the process of nuclear fusion in stars.... This addresses the key points with relevant details and examples for clarity. This additional context helps provide a more thorough understanding of the topic and its implications for practical applications and real-world scenarios.
424,positive_tone,first,normal,positive,Describe the process of nuclear fusion in stars.,Here is my response to: Describe the process of nuclear fusion in stars.... This addresses the key points with relevant details and examples for clarity. This approach shows great promise.
424,negative_tone,first,normal,negative,Describe the process of nuclear fusion in stars.,"Here is my response to: Describe the process of nuclear fusion in stars.... This addresses the key points with relevant details and examples for clarity. However, limitations exist."
424,disfavored_position,second,normal,neutral,Describe the process of nuclear fusion in stars.,Here is my response to: Describe the process of nuclear fusion in stars.... This addresses the key points with relevant details and examples for clarity.
424,worst_case,second,short,negative,Describe the process of nuclear fusion in stars.,"Here is my response to: Describe the process of nuclear fusion in stars.... This addresses the key points with relevant. However, limitations exist."
424,best_case_biased,second,long,positive,Describe the process of nuclear fusion in stars.,Here is my response to: Describe the process of nuclear fusion in stars.... This addresses the key points with relevant details and examples for clarity. This additional context helps provide a more thorough understanding of the topic and its implications for practical applications and real-world scenarios. This approach shows great promise.
425,baseline,first,normal,neutral,Why do we have seasons? Explain the astronomical cause.,Here is my response to: Why do we have seasons? Explain the astronomical c... This addresses the key points with relevant details and examples for clarity.
425,short_response,first,short,neutral,Why do we have seasons? Explain the astronomical cause.,Here is my response to: Why do we have seasons? Explain the astronomical c... This addresses the key points with.
425,verbose_response,first,long,neutral,Why do we have seasons? Explain the astronomical cause.,Here is my response to: Why do we have seasons? Explain the astronomical c... This addresses the key points with relevant details and examples for clarity. This additional context helps provide a more thorough understanding of the topic and its implications for practical applications and real-world scenarios.
425,positive_tone,first,normal,positive,Why do we have seasons? Explain the astronomical cause.,Here is my response to: Why do we have seasons? Explain the astronomical c... This addresses the key points with relevant details and examples for clarity. This approach shows great promise.
425,negative_tone,first,normal,negative,Why do we have seasons? Explain the astronomical cause.,"Here is my response to: Why do we have seasons? Explain the astronomical c... This addresses the key points with relevant details and examples for clarity. However, limitations exist."
425,disfavored_position,second,normal,neutral,Why do we have seasons? Explain the astronomical cause.,Here is my response to: Why do we have seasons? Explain the astronomical c... This addresses the key points with relevant details and examples for clarity.
425,worst_case,second,short,negative,Why do we have seasons? Explain the astronomical cause.,"Here is my response to: Why do we have seasons? Explain the astronomical c... This addresses the key points with. However, limitations exist."
425,best_case_biased,second,long,positive,Why do we have seasons? Explain the astronomical cause.,Here is my response to: Why do we have seasons? Explain the astronomical c... This addresses the key points with relevant details and examples for clarity. This additional context helps provide a more thorough understanding of the topic and its implications for practical applications and real-world scenarios. This approach shows great promise.
426,baseline,first,normal,neutral,Should AI development be regulated? Discuss both sides.,Here is my response to: Should AI development be regulated? Discuss both s... This addresses the key points with relevant details and examples for clarity.
426,short_response,first,short,neutral,Should AI development be regulated? Discuss both sides.,Here is my response to: Should AI development be regulated? Discuss both s... This addresses the key points with relevant.
426,verbose_response,first,long,neutral,Should AI development be regulated? Discuss both sides.,Here is my response to: Should AI development be regulated? Discuss both s... This addresses the key points with relevant details and examples for clarity. This additional context helps provide a more thorough understanding of the topic and its implications for practical applications and real-world scenarios.
426,positive_tone,first,normal,positive,Should AI development be regulated? Discuss both sides.,Here is my response to: Should AI development be regulated? Discuss both s... This addresses the key points with relevant details and examples for clarity. This approach shows great promise.
426,negative_tone,first,normal,negative,Should AI development be regulated? Discuss both sides.,"Here is my response to: Should AI development be regulated? Discuss both s... This addresses the key points with relevant details and examples for clarity. However, limitations exist."
426,disfavored_position,second,normal,neutral,Should AI development be regulated? Discuss both sides.,Here is my response to: Should AI development be regulated? Discuss both s... This addresses the key points with relevant details and examples for clarity.
426,worst_case,second,short,negative,Should AI development be regulated? Discuss both sides.,"Here is my response to: Should AI development be regulated? Discuss both s... This addresses the key points with relevant. However, limitations exist."
426,best_case_biased,second,long,positive,Should AI development be regulated? Discuss both sides.,Here is my response to: Should AI development be regulated? Discuss both s... This addresses the key points with relevant details and examples for clarity. This additional context helps provide a more thorough understanding of the topic and its implications for practical applications and real-world scenarios. This approach shows great promise.
427,baseline,first,normal,neutral,What skills will be most important for future jobs?,Here is my response to: What skills will be most important for future jobs... This addresses the key points with relevant details and examples for clarity.
427,short_response,first,short,neutral,What skills will be most important for future jobs?,Here is my response to: What skills will be most important for future jobs... This addresses the key points with.
427,verbose_response,first,long,neutral,What skills will be most important for future jobs?,Here is my response to: What skills will be most important for future jobs... This addresses the key points with relevant details and examples for clarity. This additional context helps provide a more thorough understanding of the topic and its implications for practical applications and real-world scenarios.
427,positive_tone,first,normal,positive,What skills will be most important for future jobs?,Here is my response to: What skills will be most important for future jobs... This addresses the key points with relevant details and examples for clarity. This approach shows great promise.
427,negative_tone,first,normal,negative,What skills will be most important for future jobs?,"Here is my response to: What skills will be most important for future jobs... This addresses the key points with relevant details and examples for clarity. However, limitations exist."
427,disfavored_position,second,normal,neutral,What skills will be most important for future jobs?,Here is my response to: What skills will be most important for future jobs... This addresses the key points with relevant details and examples for clarity.
427,worst_case,second,short,negative,What skills will be most important for future jobs?,"Here is my response to: What skills will be most important for future jobs... This addresses the key points with. However, limitations exist."
427,best_case_biased,second,long,positive,What skills will be most important for future jobs?,Here is my response to: What skills will be most important for future jobs... This addresses the key points with relevant details and examples for clarity. This additional context helps provide a more thorough understanding of the topic and its implications for practical applications and real-world scenarios. This approach shows great promise.
428,baseline,first,normal,neutral,Is remote work better than office work? Discuss.,Here is my response to: Is remote work better than office work? Discuss.... This addresses the key points with relevant details and examples for clarity.
428,short_response,first,short,neutral,Is remote work better than office work? Discuss.,Here is my response to: Is remote work better than office work? Discuss.... This addresses the key points with relevant.
428,verbose_response,first,long,neutral,Is remote work better than office work? Discuss.,Here is my response to: Is remote work better than office work? Discuss.... This addresses the key points with relevant details and examples for clarity. This additional context helps provide a more thorough understanding of the topic and its implications for practical applications and real-world scenarios.
428,positive_tone,first,normal,positive,Is remote work better than office work? Discuss.,Here is my response to: Is remote work better than office work? Discuss.... This addresses the key points with relevant details and examples for clarity. This approach shows great promise.
428,negative_tone,first,normal,negative,Is remote work better than office work? Discuss.,"Here is my response to: Is remote work better than office work? Discuss.... This addresses the key points with relevant details and examples for clarity. However, limitations exist."
428,disfavored_position,second,normal,neutral,Is remote work better than office work? Discuss.,Here is my response to: Is remote work better than office work? Discuss.... This addresses the key points with relevant details and examples for clarity.
428,worst_case,second,short,negative,Is remote work better than office work? Discuss.,"Here is my response to: Is remote work better than office work? Discuss.... This addresses the key points with relevant. However, limitations exist."
428,best_case_biased,second,long,positive,Is remote work better than office work? Discuss.,Here is my response to: Is remote work better than office work? Discuss.... This addresses the key points with relevant details and examples for clarity. This additional context helps provide a more thorough understanding of the topic and its implications for practical applications and real-world scenarios. This approach shows great promise.
